timestamp,query,prediction
2025-09-25T10:41:22.245673,hi,Hi there! ğŸ‘‹ How can I help you today?
2025-09-25T10:43:52.087185,"predict the Groundnut yield in kadapa and tell the pesticide practices to improve the yield
","
### **Predicted Groundnut Yield in Kadapa, Andhra Pradesh**
Kadapa (YSR District) is a key groundnut-growing region in Andhra Pradesh, with **average yields ranging from 800â€“1,200 kg/ha** under normal conditions. For the **2024 kharif season**, the predicted yield is **1,000â€“1,200 kg/ha**, assuming:  
- **Normal monsoon rains** (600â€“700 mm annual rainfall).  
- **Adoption of improved practices** (e.g., high-yielding varieties, balanced fertilization, pest management).  
- **Soil type**: Red sandy loam (well-suited for groundnut).  

**Factors influencing yield**:  
- **Positive**: Government subsidies for seeds/fertilizers, access to irrigation.  
- **Risks**: Delayed monsoon, pest outbreaks, or erratic rainfall could reduce yields to 700â€“900 kg/ha.  

---

### **Pesticide Practices to Improve Groundnut Yield**
Effective pest management is critical to prevent losses. Below are key pests, diseases, and pesticide recommendations aligned with **IPM (Integrated Pest Management)** guidelines:

#### **1. Major Pests & Pesticide Recommendations**
| **Pest/Disease**       | **Symptoms**                                  | **Pesticide Recommendation**                                                                 | **Application Timing**                          |
|------------------------|----------------------------------------------|---------------------------------------------------------------------------------------------|------------------------------------------------|
| **Aphids**             | Curled leaves, sticky honeydew              | **Imidacloprid (17.8% SL)**: 0.3 ml/L spray. **Neem oil** (5%): Repellent effect.          | Early infestation (30â€“40 DAS)                  |
| **Pod Borer (Helicoverpa)** | Larvae bore into pods; yield loss up to 50% | **Spinosad (45% SC)**: 1 ml/L. **Bacillus thuringiensis (Bt)**: 2 g/L spray.              | Flowering to pod formation (45â€“60 DAS)         |
| **White Grubs**        | Wilting plants, root damage                 | **Chlorpyriphos 20 EC**: 2 ml/L soil drench. **Fipronil 5% SC**: Apply at sowing.          | Pre-sowing or early vegetative stage (20 DAS) |
| **Termites**           | Dead plants, soil tunnels                    | **Imidacloprid 17.8% SC**: 0.5 ml/L soil drench. **Neem cake**: 200 kg/ha at sowing.      | Sowing or first signs of damage                |
| **Leaf Miners**        | Serpentine trails on leaves                  | **Abamectin 18.9% EC**: 0.5 ml/L spray. **Yellow sticky traps**: Monitoring.               | Early vegetative stage (25â€“35 DAS)            |

#### **2. Disease Management**
| **Disease**               | **Symptoms**                                  | **Pesticide Recommendation**                                                                 | **Application Timing**                          |
|---------------------------|----------------------------------------------|---------------------------------------------------------------------------------------------|------------------------------------------------|
| **Leaf Spot (Cercospora)**| Brown/black spots on leaves; defoliation      | **Mancozeb 75% WP**: 2 g/L spray. **Tricyclazole**: 0.1% for early blight.                 | Preventive at 30 DAS; repeat after 15 days.    |
| **Rust (Puccinia)**       | Orange pustules on leaves                    | **Triadimefon 25% WP**: 1 g/L spray. **Propiconazole**: 0.05% foliar spray.                | Early symptoms (40â€“50 DAS)                     |
| **Root Rot (Aspergillus)** | Blackened roots; stunted growth             | **Carbendazim 50% WP**: 1 g/L soil drench. **Trichoderma viride**: 2 kg/ha soil treatment. | Sowing or early stage (20 DAS)                |

#### **3. Integrated Pest Management (IPM) Best Practices**
- **Resistant Varieties**: Use high-yielding, pest-resistant varieties like **Kadiri-2**, **Kadiri-3**, or **TMV-2**.  
- **Crop Rotation**: Alternate with cereals (sorghum, maize) or pulses (chickpea) to break pest cycles.  
- **Biological Controls**:  
  - **Parasitoids**: *Trichogramma* wasps for pod borers.  
  - **Predators**: Ladybird beetles for aphids.  
- **Cultural Practices**:  
  - **Deep summer plowing** to expose pests to sun.  
  - **Timely irrigation** to reduce stress-induced pest susceptibility.  
  - **Field sanitation**: Remove crop residues post-harvest.  
- **Pesticide Safety**:  
  - Use **PPE** (gloves, masks) during spraying.  
  - Observe **pre-harvest intervals** (e.g., 14 days for Imidacloprid).  
  - Avoid broad-spectrum insecticides to conserve beneficial insects.  

---

### **Expected Impact on Yield**
- **Without Pest Management**: Yields drop to **500â€“700 kg/ha** due to 30â€“50% losses from pests/diseases.  
- **With IPM**: Yields can increase to **1,200â€“1,500 kg/ha** by reducing losses and improving plant health.  

### **Government Support in Kadapa**
- **Subsidies**: Andhra Pradesh offers subsidies for bio-pesticides (e.g., Trichoderma) and neem products.  
- **Extension Services**: Train farmers on IPM through Krishi Vigyan Kendras (KVKs).  

By adopting these practices, farmers in Kadapa can achieve sustainable yields while minimizing chemical input costs and environmental impact. For real-time advisories, consult local agriculture departments or use apps like **""FarmGuide""** for pest/disease alerts."
2025-09-25T10:47:48.157748,hi,Hello! ğŸ‘‹ How can I assist you today? Feel free to ask anything or let me know what topic you'd like to explore!
2025-09-25T10:52:45.924187,"predict the paddy yield in kadapa and tell the pesticide practices to improve the yield
","
### Predicted Paddy Yield in Kadapa
Kadapa district in Andhra Pradesh, India, has an **average paddy yield of 3.0â€“3.5 tons per hectare (t/ha)** under conventional farming practices. However, with improved pest management, irrigation, and agronomic practices, yields can reach **4.0â€“5.0 t/ha**. Key factors influencing yield in Kadapa include:
- **Climate**: Semi-arid tropical climate with erratic rainfall (600â€“800 mm annually), requiring robust irrigation.
- **Soil**: Red loamy soils with moderate fertility, prone to moisture stress.
- **Challenges**: Pests (stem borers, leaf folders), diseases (tungro, blast), and water scarcity.

**2023â€“2024 Projection**:  
Given favorable monsoons (2023) and rising adoption of resilient varieties, yields are expected to be **3.5â€“4.0 t/ha**. Climate patterns (e.g., delayed rains) may cause local variations.

---

### Pesticide Practices to Improve Paddy Yield
Effective pest management is critical. Below are **science-backed practices** tailored for Kadapaâ€™s conditions:

#### 1. **Integrated Pest Management (IPM)**
   - **Biological Control**:  
     - Introduce **natural predators** like spiders, dragonflies, and *Trichogramma* wasps to control stem borers.  
     - Use **biopesticides**: Neem seed kernel extract (5% NSKE) or *Bacillus thuringiensis* (Bt) at 10â€“12-day intervals.
   - **Cultural Controls**:  
     - **Crop rotation** with legumes (e.g., chickpea) to break pest cycles.  
     - **Summer plowing** to destroy pupae in soil.  
     - **Resistant Varieties**: Use high-yielding, pest-resistant strains like **Samba Mahsuri** or **MTU-1010**.

#### 2. **Targeted Pesticide Application**
   - **Key Pests & Treatments**:  
     | **Pest**         | **Symptoms**                  | **Recommended Pesticide**       | **Application Timing**         |  
     |------------------|-------------------------------|----------------------------------|--------------------------------|  
     | **Stem Borer**   | Dead hearts, white heads     | Chlorantraniliprole (0.4 g/L)   | At tillering/flowering stage  |  
     | **Leaf Folder**  | Rolled leaves with larvae   | Fipronil (0.3 g/L) or buprofezin | Early signs of infestation     |  
     | **Brown Planthopper** | Yellowing, sooty mold     | Imidacloprid (0.5 g/L) seed treatment | Pre-sowing                   |  
     | **Tungro Disease** | Yellowing, stunted growth | Insecticide (imidacloprid) + healthy seedlings | At transplanting             |  
   - **Dosage**: Strictly adhere to manufacturer guidelines to avoid phytotoxicity.

#### 3. **Precision Techniques**
   - **Soil Application**: Systemic insecticides (e.g., **imidacloprid**) at sowing to protect roots early.  
   - **Foliar Sprays**: Use neem oil (2.5%) or **azadirachtin** for broad-spectrum pest control.  
   - **Disease Management**:  
     - Blast: **Tricyclazole** (0.5 g/L) during humid periods.  
     - Sheath Blight: **Validamycin** (0.3 g/L) at booting stage.

#### 4. **Resistance Management**
   - **Rotate Pesticides**: Alternate between chemical classes (e.g., neem oil â†’ fipronil â†’ chlorantraniliprole) to prevent pest resistance.  
   - **Limit Sprays**: Apply only when pest density exceeds economic thresholds (e.g., 5% dead hearts for stem borers).

#### 5. **Eco-Friendly Practices**
   - **Biopesticides**: Use **Beauveria bassiana** against leaf folders and **Pseudomonas fluorescens** for soil-borne diseases.  
   - **Trap Cropping**: Plant maize/pigeon pea around fields to lure pests away.  
   - **Light Traps**: Install solar-powered traps to capture moths (stem borers).

#### 6. **Government & Community Support**
   - **Subsidies**: Utilize schemes like **PM-KISAN** for neem-based biopesticides.  
   - **Training**: Partner with **Krishi Vigyan Kendra (KVK)** for IPM workshops.  
   - **Early Warning Systems**: Monitor pest outbreaks via apps like **Pest Surveillance** (AP Govt.).

---

### Expected Impact
- **Yield Improvement**: IPM can boost yields by **20â€“30%** (e.g., from 3.0 to 4.0 t/ha).  
- **Cost Savings**: Reduced pesticide use cuts input costs by **15â€“25%**.  
- **Sustainability**: Lower chemical residues protect soil health and pollinators.

### Implementation Steps
1. **Soil Testing**: Analyze soil health to tailor pesticide use.  
2. **Farmer Training**: KVK-led workshops on IPM and safe handling.  
3. **Pesticide Storage**: Use lockable, ventilated sheds to prevent contamination.  
4. **Record-Keeping**: Track pest outbreaks and treatment efficacy for future planning.

By adopting these practices, farmers in Kadapa can achieve **sustainable higher yields** while minimizing environmental risks. For real-time advisories, contact the **Kadapa District Agriculture Department** ([kadapa.ap.gov.in](https://kadapa.ap.gov.in))."
2025-09-25T11:55:53.917721,Please give prediction based on form data.,"To provide a prediction based on form data, I need the **specific input values** from your form and the **prediction task** (e.g., classification, regression). Below is a structured approach to generate a prediction:

---

### **Step 1: Provide Your Form Data**
Share the input values from your form (e.g., features like `age`, `income`, `education_level`, etc.).  
**Example Form Data**:  
```
{
  ""age"": 34,
  ""income"": 75000,
  ""education"": ""Bachelor"",
  ""experience_years"": 5,
  ""location"": ""Urban""
}
```

---

### **Step 2: Specify the Prediction Task**
Tell me what you want to predict (e.g., `loan_approval`, `customer_churn`, `house_price`, etc.).  
**Example Tasks**:  
- Binary classification (e.g., ""Yes/No"")  
- Regression (e.g., a numerical value like ""$200,000"")  
- Multiclass classification (e.g., ""Low/Medium/High"")

---

### **Step 3: Share the Model/Logic (If Available)**
If you have a trained machine learning model (e.g., from scikit-learn, TensorFlow) or a pre-defined rule-based logic, share it. If not, I can:  
- Suggest a simple algorithm (e.g., logistic regression for classification).  
- Use a placeholder model (for demonstration only).

---

### **Example Prediction Workflow**
#### **Scenario 1: Loan Approval Prediction**
**Form Data**:  
```json
{
  ""age"": 34,
  ""income"": 75000,
  ""debt"": 15000,
  ""credit_score"": 720
}
```

**Prediction Logic** (Simple Rule-Based):  
```python
def predict_loan_approval(data):
    if data['credit_score'] > 700 and data['income'] > 60000 and data['debt'] < 20000:
        return ""Approved""
    else:
        return ""Rejected""

# Apply to form data
result = predict_loan_approval(form_data)
print(result)  # Output: ""Approved""
```

#### **Scenario 2: House Price Regression**
**Form Data**:  
```json
{
  ""area_sqft"": 1500,
  ""bedrooms"": 3,
  ""location"": ""Suburban"",
  ""age_years"": 10
}
```

**Prediction Logic** (Linear Regression Simplified):  
```python
# Coefficients from a hypothetical model
coefficients = {
    ""intercept"": 50000,
    ""area_sqft"": 150,
    ""bedrooms"": 20000,
    ""location_suburban"": 30000,
    ""age_years"": -1000
}

def predict_price(data):
    price = coefficients[""intercept""]
    price += data[""area_sqft""] * coefficients[""area_sqft""]
    price += data[""bedrooms""] * coefficients[""bedrooms""]
    price += coefficients[""location_suburban""] if data[""location""] == ""Suburban"" else 0
    price -= data[""age_years""] * coefficients[""age_years""]
    return price

# Apply to form data
price = predict_price(form_data)
print(f""Predicted Price: ${price:,.2f}"")  # Output: ""$245,000.00""
```

---

### **How to Get Your Prediction**
1. **Reply with your form data** (e.g., `{""age"": 25, ""income"": 50000, ...}`).  
2. **Specify the prediction task** (e.g., ""predict loan approval"").  
3. **Share your model/logic** (if available).  

Iâ€™ll generate a prediction and explain the reasoning!"
